Direction,Letter Height (degrees),Eccentricity (degrees)
1,0.3000000000000002,20
1,0.9000000000000001,35
1,0.4,10
1,0.20000000000000004,5
1,0.9000000000000001,15
1,0.2,0
1,0.8999999999999999,40
1,0.5999999999999999,30
1,0.7000000000000002,25
3,0.40000000000000024,10
3,0.8999999999999999,25
3,0.30000000000000004,5
3,0.2,0
3,0.7000000000000002,15
3,1.6,40
3,1.2,30
3,0.8,20
3,1.2,35
