Direction,Letter Height (degrees),Eccentricity (degrees)
1,0.30000000000000004,10
1,0.40000000000000013,20
3,0.8,30
1,1.0,40
1,0.8,35
1,0.8,35
1,0.8,30
3,0.4,25
3,0.20000000000000004,0
1,0.40000000000000013,25
3,0.40000000000000013,15
3,1.0,40
1,0.4,15
3,0.9000000000000001,35
3,0.30000000000000004,20
3,0.30000000000000004,5
1,0.20000000000000004,0
1,0.20000000000000004,5
3,0.30000000000000004,10
