Direction,Letter Height (degrees),Eccentricity (degrees)
3,0.20000000000000004,5
3,0.9000000000000001,35
3,0.30000000000000027,30
3,0.4,15
3,0.29999999999999993,20
3,1.2,40
3,0.5,25
3,0.30000000000000004,10
3,0.20000000000000004,0
1,0.3000000000000001,20
1,0.20000000000000004,0
1,0.40000000000000024,35
1,0.20000000000000004,5
1,0.3000000000000002,25
1,0.30000000000000004,10
1,0.3999999999999998,30
1,1.2,40
1,0.40000000000000024,15
