Direction,Letter Height (degrees),Eccentricity (degrees)
1,1.2,35
1,0.8,30
3,0.40000000000000013,10
3,1.9,40
3,0.20000000000000004,0
3,0.20000000000000004,0
3,1.1,35
1,0.20000000000000004,10
1,0.7000000000000002,20
3,0.8,25
1,0.5,15
1,0.30000000000000004,5
3,0.7000000000000002,15
1,0.2000000000000002,25
3,1.0,30
3,0.7000000000000002,20
3,0.30000000000000004,5
1,0.20000000000000004,0
1,2.4000000000000004,40
