Direction,Letter Height (degrees),Eccentricity (degrees)
3,0.20000000000000004,0
1,0.40000000000000013,15
3,0.30000000000000004,5
3,0.30000000000000004,10
1,1.0,35
1,0.40000000000000013,20
3,1.2999999999999998,35
1,0.5000000000000002,25
3,0.5,20
3,0.8,30
1,0.30000000000000004,10
3,0.4,15
3,0.9999999999999998,40
1,0.8,30
1,0.20000000000000004,5
3,0.7000000000000002,25
1,1.0,40
1,0.20000000000000004,0
