Direction,Letter Height (degrees),Eccentricity (degrees)
3,0.30000000000000004,10
1,0.30000000000000004,10
1,0.7000000000000002,20
1,1.9999999999999998,40
1,0.5000000000000002,25
1,0.5000000000000002,30
3,0.5000000000000002,15
3,0.30000000000000016,20
1,0.6000000000000001,35
1,0.20000000000000004,5
3,0.20000000000000004,0
3,1.2,35
3,0.5000000000000002,30
1,0.5,15
3,0.20000000000000004,5
3,1.2,40
1,0.20000000000000004,0
3,0.6000000000000001,25
