Direction,Letter Height (degrees),Eccentricity (degrees)
3,0.40000000000000013,10
3,0.30000000000000004,5
1,1.0,25
1,0.3000000000000002,15
1,0.40000000000000024,20
1,0.40000000000000024,20
3,0.5,25
3,1.0,35
3,0.40000000000000013,15
1,0.5,10
1,1.0,35
1,0.30000000000000004,5
3,1.2,40
3,1.0,30
1,1.2,30
1,0.20000000000000004,0
3,0.20000000000000004,0
1,1.0,40
3,0.7000000000000002,20
