Direction,Letter Height (degrees),Eccentricity (degrees)
1,0.30000000000000004,10
3,1.2,35
1,0.40000000000000013,15
3,1.2,30
1,1.4,35
3,0.40000000000000013,20
3,1.0,15
1,0.40000000000000013,20
1,0.40000000000000013,25
1,1.4,30
1,1.4,40
3,0.4,10
3,1.4000000000000001,40
3,0.6000000000000001,25
