Direction,Letter Height (degrees),Eccentricity (degrees)
3,0.40000000000000013,10
3,0.40000000000000013,20
1,0.8,30
1,0.40000000000000013,10
1,1.0,25
3,0.7000000000000002,35
3,0.8999999999999999,40
3,0.4,15
1,0.40000000000000013,15
1,0.8999999999999999,35
1,0.7000000000000002,20
3,0.5000000000000002,30
3,0.40000000000000024,25
1,1.0999999999999999,40
