Direction,Letter Height (degrees),Eccentricity (degrees)
1,0.40000000000000024,10
1,0.30000000000000004,5
3,0.40000000000000013,15
3,0.7000000000000002,25
3,1.2999999999999998,30
3,1.2999999999999998,30
1,0.8,30
3,2.1999999999999997,40
3,0.30000000000000004,5
1,0.40000000000000013,15
3,0.5,10
1,2.9000000000000004,40
1,0.7000000000000002,20
3,1.4,35
3,0.7000000000000002,20
3,0.20000000000000004,0
1,0.20000000000000004,0
1,1.1999999999999997,35
1,0.8,25
