Direction,Letter Height (degrees),Eccentricity (degrees)
3,0.9000000000000001,25
3,0.2,0
1,0.3000000000000002,20
1,1.1999999999999997,40
3,0.40000000000000024,30
1,0.20000000000000004,5
3,0.7000000000000002,20
3,0.8,35
1,0.20000000000000004,0
3,0.4,15
1,0.6000000000000001,35
1,0.40000000000000013,15
3,0.4,10
1,0.6,25
1,0.39999999999999986,30
3,0.30000000000000004,5
3,1.1999999999999997,40
1,0.30000000000000004,10
