Direction,Letter Height (degrees),Eccentricity (degrees)
1,0.30000000000000004,10
1,0.7000000000000002,25
1,0.4,20
1,0.20000000000000004,5
3,0.4,15
3,0.4,15
3,1.2,30
3,0.4,20
1,2.2,40
3,1.2,35
3,0.20000000000000004,0
1,1.0,35
3,0.30000000000000004,10
1,0.8,30
1,0.20000000000000004,0
3,0.5,25
1,0.4,15
3,0.30000000000000004,5
3,1.4000000000000001,40
