Direction,Letter Height (degrees),Eccentricity (degrees)
1,0.40000000000000013,10
1,1.2999999999999998,40
1,0.8,20
1,0.7000000000000002,15
1,1.2,25
1,1.4000000000000008,35
1,1.7,30
4,0.5000000000000002,10
4,1.0000000000000009,30
4,1.9000000000000001,25
4,1.0,15
4,0.8999999999999999,20
2,0.2000000000000002,15
2,1.2,25
2,0.8,20
2,0.5,10
2,1.7000000000000004,30
3,1.2,40
3,0.40000000000000024,20
3,0.5,15
3,1.2,35
3,0.8,25
3,0.9000000000000001,30
3,0.4,10
