Direction,Letter Height (degrees),Eccentricity (degrees)
1,0.8,5
1,6.500000000000003,35
1,4.200000000000002,30
1,1.9999999999999996,10
1,2.3000000000000003,20
1,4.1000000000000005,40
1,1.2999999999999996,15
1,0.20000000000000004,0
1,2.600000000000001,25
3,0.20000000000000004,0
3,0.9000000000000001,10
3,1.0,5
3,7.200000000000003,40
3,3.0000000000000013,15
3,2.000000000000001,20
3,5.600000000000002,30
3,3.100000000000002,25
3,3.7,35
