Direction,Letter Height (degrees),Eccentricity (degrees)
1,0.5,15
1,0.40000000000000013,25
1,0.30000000000000016,10
1,0.7000000000000002,30
3,0.4,10
3,1.0,35
3,0.30000000000000004,5
3,0.7000000000000002,25
1,0.20000000000000004,0
3,0.20000000000000004,0
1,0.40000000000000024,20
1,1.4,40
3,0.40000000000000024,15
3,1.0999999999999999,40
3,0.8,30
1,1.0,35
1,0.30000000000000004,5
3,0.40000000000000013,20
