Direction,Letter Height (degrees),Eccentricity (degrees)
1,0.40000000000000013,15
3,0.40000000000000013,20
3,0.20000000000000004,0
1,1.2,40
3,0.8,40
3,2.7,35
3,2.7,30
1,1.7,20
3,1.2,25
1,2.2,25
1,2.7,30
1,3.2,35
3,1.0,10
1,1.0,10
1,1.0,0
3,0.5,5
3,1.2,15
1,0.5,5
