Direction,Letter Height (degrees),Eccentricity (degrees)
1,0.8,35
3,0.30000000000000004,10
1,0.30000000000000004,10
1,0.40000000000000024,30
3,0.4,20
1,0.40000000000000013,25
3,1.0,40
1,0.4,20
1,0.8,40
3,0.8,35
3,0.40000000000000013,25
3,0.40000000000000013,30
1,0.30000000000000004,15
3,0.30000000000000027,15
