Direction,Letter Height (degrees),Eccentricity (degrees)
1,0.30000000000000004,10
1,3.1000000000000005,35
1,3.8000000000000007,40
3,0.3000000000000002,10
1,0.30000000000000004,5
3,1.0,25
3,2.4000000000000004,30
3,1.7,35
1,0.40000000000000013,15
3,3.7,40
1,0.8,25
3,1.2,20
1,2.2,30
3,0.4,5
3,0.7000000000000002,15
1,1.0,20
