Direction,Letter Height (degrees),Eccentricity (degrees)
3,0.5,35
3,0.3000000000000001,40
3,0.4,20
3,0.40000000000000013,10
3,0.4,15
3,0.4,25
3,0.4,30
1,0.7000000000000002,30
1,0.5,40
1,0.39999999999999997,20
1,0.4,15
1,0.30000000000000004,10
1,0.7000000000000002,25
1,0.4000000000000001,35
