Direction,Letter Height (degrees),Eccentricity (degrees)
1,2.200000000000001,35
1,0.20000000000000004,0
1,0.4,5
1,2.9000000000000004,40
1,0.4,10
1,0.7999999999999998,25
1,1.0999999999999999,30
1,0.8,20
1,0.8999999999999999,15
3,2.4000000000000004,35
3,0.7000000000000002,30
3,0.8,20
3,1.2000000000000004,25
3,0.5,5
3,0.20000000000000004,0
3,0.7999999999999998,15
3,0.40000000000000013,10
3,4.400000000000001,40
