Direction,Letter Height (degrees),Eccentricity (degrees)
3,0.75,35
3,0.45000000000000007,25
3,0.4,20
3,1.0,40
3,0.35,15
3,0.40000000000000013,30
2,0.40000000000000013,20
2,0.75,25
2,1.0,30
1,0.35,15
1,0.7000000000000002,30
1,0.95,35
1,1.0,40
1,0.45000000000000007,25
1,0.4,20
4,0.8,20
4,1.4,30
4,0.95,25
