Direction,Letter Height (degrees),Eccentricity (degrees)
1,1.0999999999999999,30
3,1.2999999999999996,35
3,0.8,25
1,0.40000000000000013,15
3,0.7000000000000002,15
1,0.8,25
3,1.7999999999999998,40
1,0.30000000000000004,10
3,1.0,30
3,0.40000000000000013,10
1,1.4,40
1,0.7000000000000002,20
3,0.5000000000000002,20
1,0.7999999999999998,35
