Direction,Letter Height (degrees),Eccentricity (degrees)
1,2.4000000000000012,30
1,0.40000000000000013,10
1,2.400000000000001,20
1,0.20000000000000004,0
1,4.200000000000002,40
3,1.0000000000000004,30
3,0.9000000000000001,10
3,4.200000000000001,40
3,0.2,0
3,0.2000000000000002,20
