Direction,Letter Height (degrees),Eccentricity (degrees)
3,1.2,35
3,1.2,40
3,0.40000000000000013,20
1,0.4,10
3,0.5,15
1,0.40000000000000013,20
1,1.0,35
1,0.8,30
1,0.40000000000000013,15
3,0.7000000000000002,30
3,0.8,25
3,0.30000000000000004,10
1,1.2,40
1,0.30000000000000027,25
