Direction,Letter Height (degrees),Eccentricity (degrees)
1,0.5,15
1,1.4,40
3,0.5,20
1,0.6000000000000001,30
1,0.30000000000000004,10
1,1.0,25
3,1.0,40
1,0.7000000000000002,20
3,0.8,30
3,0.5000000000000002,25
3,1.0,35
3,0.40000000000000013,15
1,1.2,35
3,0.20000000000000004,10
