type,name,fc_slope,fc_chi_sq,fc_reduced_chi_sq,fc_neg_error,fc_pos_error,cp_slope,cp_chi_sq,cp_reduced_chi_sq,cp_neg_error,cp_pos_error,cpo_slope,cpo_chi_sq,cpo_reduced_chi_sq,cpo_neg_error,cpo_pos_error,cc9_slope,cc9_chi_sq,cc9_reduced_chi_sq,cc9_neg_error,cc9_pos_error,cc3_slope,cc3_chi_sq,cc3_reduced_chi_sq,cc3_neg_error,cc3_pos_error,ic_slope,ic_chi_sq,ic_reduced_chi_sq,ic_neg_error,ic_pos_error,cp9_slope,cp9_chi_sq,cp9_reduced_chi_sq,cp9_neg_error,cp9_pos_error
0,All,0.262893973270937,23.3344193045927,1.66674423604234,0.254081679163955,0.271706319514312,0.0969578621567808,8.04564629920678,1.14937804274383,0.0940345533796661,0.099881387018988,0.0704148381353929,10.0943171848264,1.44204531211806,0.0680432426710382,0.0727863066330042,0.0264258473517248,4.27591653522578,1.06897913380644,0.0255894609191784,0.0272622130438489,0.0283818413383262,4.7493992422863,0.949879848457261,0.0274750324394777,0.0292886278849516,0.0321892655552056,14.8613208903229,2.47688681505381,0.0315900563848038,0.0327884210487729,0.108735425471219,4.45769308429149,0.891538616858297,0.101900791956891,0.115570051841552
