type,name,fc_slope,fc_chi_sq,fc_reduced_chi_sq,fc_neg_error,fc_pos_error,l3_slope,l3_chi_sq,l3_reduced_chi_sq,l3_neg_error,l3_pos_error,cp9_slope,cp9_chi_sq,cp9_reduced_chi_sq,cp9_neg_error,cp9_pos_error,cp7_slope,cp7_chi_sq,cp7_reduced_chi_sq,cp7_neg_error,cp7_pos_error,cp5_slope,cp5_chi_sq,cp5_reduced_chi_sq,cp5_neg_error,cp5_pos_error,cp_slope,cp_chi_sq,cp_reduced_chi_sq,cp_neg_error,cp_pos_error,cpo_slope,cpo_chi_sq,cpo_reduced_chi_sq,cpo_neg_error,cpo_pos_error,cc9_slope,cc9_chi_sq,cc9_reduced_chi_sq,cc9_neg_error,cc9_pos_error,cc3_slope,cc3_chi_sq,cc3_reduced_chi_sq,cc3_neg_error,cc3_pos_error,ic_slope,ic_chi_sq,ic_reduced_chi_sq,ic_neg_error,ic_pos_error
All,Averaged,0.272706383478911,17.1170633619409,1.22264738299578,0.263557747071116,0.281855019338424,0.214905931085415,0.566394989332117,0.0809135699045882,0.171760051513886,0.258051810656944,0.108735425471219,4.45769308429149,0.891538616858297,0.101914918661807,0.115555932482906,0.130684459323025,5.58902036439569,0.798431480627955,0.126481468075305,0.134887450570745,0.132181004948895,3.99235458118508,0.570336368740726,0.128464572230697,0.135897437776858,0.0949248631727193,12.2460766845441,1.74943952636344,0.0920062749848466,0.0978434513605921,0.0701424959752063,9.23139976646076,1.31877139520868,0.067468154208108,0.0728168377423046,0.0270739951012576,4.98622565427296,1.24655641356824,0.0262337766287984,0.0279142135737169,0.0278422526810634,3.71329568377968,0.742659136755937,0.0270664548994452,0.0286180504626816,0.0344303485089867,160.772775403785,22.9675393433979,0.0338707598326065,0.0349899371676965
